{
  "lang":"en",
  "name":"pipeline",
  "version":"0.0.0",
  "spacy_version":">=3.4.4,<3.5.0",
  "description":"",
  "author":"",
  "email":"",
  "url":"",
  "license":"",
  "spacy_git_version":"77833bfef",
  "vectors":{
    "width":200,
    "vectors":50000,
    "keys":4087446,
    "name":"en_core_sci_md.vectors",
    "mode":"default"
  },
  "labels":{
    "ner":[
      "ABBREVIATION",
      "APPLICATION",
      "CHEMICAL",
      "MATERIAL",
      "MATERIAL_STRUCTURE",
      "MEASUREMENT",
      "PROCESS_OR_TECHNIQUE",
      "PROPERTY"
    ]
  },
  "pipeline":[
    "ner"
  ],
  "components":[
    "ner"
  ],
  "disabled":[

  ],
  "performance":{
    "ents_f":0.6156069364,
    "ents_p":0.6173913043,
    "ents_r":0.613832853,
    "ents_per_type":{
      "CHEMICAL":{
        "p":0.4482758621,
        "r":0.52,
        "f":0.4814814815
      },
      "PROPERTY":{
        "p":0.5972222222,
        "r":0.5512820513,
        "f":0.5733333333
      },
      "MATERIAL_STRUCTURE":{
        "p":0.6164383562,
        "r":0.8181818182,
        "f":0.703125
      },
      "PROCESS_OR_TECHNIQUE":{
        "p":0.4444444444,
        "r":0.5,
        "f":0.4705882353
      },
      "MATERIAL":{
        "p":0.76,
        "r":0.7037037037,
        "f":0.7307692308
      },
      "ABBREVIATION":{
        "p":0.8461538462,
        "r":0.8461538462,
        "f":0.8461538462
      },
      "MEASUREMENT":{
        "p":0.1428571429,
        "r":0.0833333333,
        "f":0.1052631579
      },
      "APPLICATION":{
        "p":0.6666666667,
        "r":0.4,
        "f":0.5
      }
    },
    "ner_loss":202.040055899
  }
}